{"cameraMode":{"drawMode":0,"name":"Shaded","section":"Shading Mode"},"sceneLighting":false,"audioPlay":false,"sceneViewState":{"m_AlwaysRefresh":false,"showFog":false,"showSkybox":false,"showFlares":false,"showImageEffects":false,"showParticleSystems":false,"showVisualEffectGraphs":true,"m_FxEnabled":true},"in2DMode":false,"pivot":{"x":0.06281974911689758,"y":0.989840030670166,"z":-0.8932116031646729},"rotation":{"x":-0.0006360514089465141,"y":0.9982578158378601,"z":-0.011392342858016491,"w":-0.05846415460109711},"size":1.3825219869613648,"orthographic":false}