{"cameraMode":{"drawMode":0,"name":"Shaded","section":"Shading Mode"},"sceneLighting":true,"audioPlay":false,"sceneViewState":{"m_AlwaysRefresh":false,"showFog":true,"showSkybox":true,"showFlares":true,"showImageEffects":true,"showParticleSystems":true,"showVisualEffectGraphs":true,"m_FxEnabled":true},"in2DMode":false,"pivot":{"x":-4.410251617431641,"y":6.434317588806152,"z":-13.103522300720215},"rotation":{"x":0.22770097851753236,"y":0.1569446623325348,"z":-0.03721267729997635,"w":0.9603134393692017},"size":0.034300338476896289,"orthographic":false}