{"cameraMode":{"drawMode":0,"name":"Shaded","section":"Shading Mode"},"sceneLighting":false,"audioPlay":false,"sceneViewState":{"m_AlwaysRefresh":false,"showFog":true,"showSkybox":false,"showFlares":true,"showImageEffects":true,"showParticleSystems":true,"showVisualEffectGraphs":true,"m_FxEnabled":true},"in2DMode":false,"pivot":{"x":0.9269842505455017,"y":0.22194720804691316,"z":-3.8222620487213136},"rotation":{"x":-0.006698999088257551,"y":0.24381209909915925,"z":-0.0016956961480900646,"w":-0.9698177576065064},"size":0.8660253882408142,"orthographic":false}