{"cameraMode":{"drawMode":0,"name":"Shaded","section":"Shading Mode"},"sceneLighting":false,"audioPlay":false,"sceneViewState":{"m_AlwaysRefresh":false,"showFog":true,"showSkybox":false,"showFlares":true,"showImageEffects":true,"showParticleSystems":true,"showVisualEffectGraphs":true,"m_FxEnabled":true},"in2DMode":false,"pivot":{"x":0.0058983806520700459,"y":-0.10243672132492066,"z":0.016942977905273439},"rotation":{"x":-0.05665924772620201,"y":-0.0074901157058775429,"z":-0.000428542320150882,"w":0.9983808994293213},"size":1.1043487787246705,"orthographic":false}