{"cameraMode":{"drawMode":0,"name":"Shaded","section":"Shading Mode"},"sceneLighting":true,"audioPlay":false,"sceneViewState":{"m_AlwaysRefresh":false,"showFog":true,"showSkybox":true,"showFlares":true,"showImageEffects":true,"showParticleSystems":true,"showVisualEffectGraphs":true,"m_FxEnabled":true},"in2DMode":false,"pivot":{"x":0.18421658873558045,"y":-5.644867420196533,"z":8.468696594238282},"rotation":{"x":-0.16690152883529664,"y":-0.06001318246126175,"z":0.010179168544709683,"w":-0.9840957522392273},"size":8.669585227966309,"orthographic":false}